Player,KEN
Stephen Curry,3.4064
Klay Thompson,2.899441340782123
Damian Lillard,2.7057569296375266
James Harden,2.3973799126637556
Ray Allen,2.286923076923077
Eric Gordon,2.212121212121212
Peja Stojakovic,2.189054726368159
Paul George,2.1650853889943074
Wesley Matthews,2.145038167938931
Bradley Beal,2.123152709359606
